{"min": [-0.732777, -0.639148, -0.319802], "max": [0.630922, 0.735247, 0.4564]}