{"min": [-0.629598, -0.752848, -0.400699], "max": [0.582241, 0.866143, 0.772022]}